{"is_source_file": true, "format": "Python", "description": "This Python source file defines a rate limiting mechanism using an in-memory sliding window approach. It includes a data class for configuration, and a class that manages rate limiting with logic to check and enforce limits based on timestamps stored per key.", "external_files": ["fastapi"], "external_methods": ["fastapi.HTTPException"], "published": ["RateLimitConfig", "InMemoryRateLimiter"], "classes": [{"name": "RateLimitConfig", "description": "Configuration class for rate limiting parameters, including limit count and window duration in seconds."}, {"name": "InMemoryRateLimiter", "description": "A simple in-memory rate limiter implementing a rolling window mechanism, raising an HTTP 429 exception when limits are exceeded."}], "methods": [{"name": "None check(self, key: str)", "description": "Checks whether a request associated with a specific key exceeds the rate limit, raising an exception if it does.", "scope": "InMemoryRateLimiter", "scopeKind": "class"}, {"name": "__init__(self, config: RateLimitConfig)", "scope": "InMemoryRateLimiter", "scopeKind": "class", "description": "unavailable"}], "calls": ["time.time", "self._events[key]", "q.popleft()", "raise HTTPException"], "search-terms": ["rate limit", "InMemoryRateLimiter", "rolling window", "fastapi", "rate limiting", "popleft", "deque", "distributed deployment"], "state": 2, "file_id": 21, "knowledge_revision": 44, "git_revision": "133416b960eba02908dcd7a99c1ee182fc1486fd", "ctags": [{"_type": "tag", "name": "InMemoryRateLimiter", "path": "/home/kavia/workspace/code-generation/connectplus-super-app-9565-9577/backend_service/src/core/rate_limit.py", "pattern": "/^class InMemoryRateLimiter:$/", "language": "Python", "kind": "class"}, {"_type": "tag", "name": "RateLimitConfig", "path": "/home/kavia/workspace/code-generation/connectplus-super-app-9565-9577/backend_service/src/core/rate_limit.py", "pattern": "/^class RateLimitConfig:$/", "language": "Python", "kind": "class"}, {"_type": "tag", "name": "__init__", "path": "/home/kavia/workspace/code-generation/connectplus-super-app-9565-9577/backend_service/src/core/rate_limit.py", "pattern": "/^    def __init__(self, config: RateLimitConfig):$/", "language": "Python", "kind": "member", "signature": "(self, config: RateLimitConfig)", "scope": "InMemoryRateLimiter", "scopeKind": "class"}, {"_type": "tag", "name": "check", "path": "/home/kavia/workspace/code-generation/connectplus-super-app-9565-9577/backend_service/src/core/rate_limit.py", "pattern": "/^    def check(self, key: str) -> None:$/", "language": "Python", "typeref": "typename:None", "kind": "member", "signature": "(self, key: str)", "scope": "InMemoryRateLimiter", "scopeKind": "class"}], "hash": "268f9d85c0ee16eb1f39032a14f46b10", "format-version": 4, "code-base-name": "backend_service", "filename": "backend_service/src/core/rate_limit.py", "revision_history": [{"44": "133416b960eba02908dcd7a99c1ee182fc1486fd"}]}