{"is_source_file": true, "format": "Python", "description": "This Python module defines functions to create indexes on various MongoDB collections such as users, plans, service areas, engineers, orders, tickets, conversations, and messages. It ensures database indexes are created according to project guidelines, primarily for performance optimization and data integrity.", "external_files": ["src.core.db"], "external_methods": ["get_db"], "published": ["ensure_indexes", "ensure_indexes_startup"], "classes": [], "methods": [{"name": "None ensure_indexes(db: Database)", "description": "Creates required indexes on specified MongoDB collections to optimize queries and enforce constraints.", "scope": "", "scopeKind": ""}, {"name": "None ensure_indexes_startup()", "description": "A convenience function to invoke ensure_indexes with the database obtained from get_db during startup.", "scope": "", "scopeKind": ""}], "calls": ["get_db", "db.users.create_index", "db.plans.create_index", "db.service_areas.create_index", "db.engineers.create_index", "db.orders.create_index", "db.tickets.create_index", "db.conversations.create_index", "db.messages.create_index"], "search-terms": ["ensure_indexes", "create_index", "MongoDB", "indexes", "startup"], "state": 2, "file_id": 20, "knowledge_revision": 42, "git_revision": "133416b960eba02908dcd7a99c1ee182fc1486fd", "ctags": [{"_type": "tag", "name": "ensure_indexes", "path": "/home/kavia/workspace/code-generation/connectplus-super-app-9565-9577/backend_service/src/core/indexes.py", "pattern": "/^def ensure_indexes(db: Database) -> None:$/", "language": "Python", "typeref": "typename:None", "kind": "function", "signature": "(db: Database)"}, {"_type": "tag", "name": "ensure_indexes_startup", "path": "/home/kavia/workspace/code-generation/connectplus-super-app-9565-9577/backend_service/src/core/indexes.py", "pattern": "/^def ensure_indexes_startup() -> None:$/", "language": "Python", "typeref": "typename:None", "kind": "function", "signature": "()"}], "hash": "5fe01dbe48da50bfb6651e7bd2ccf491", "format-version": 4, "code-base-name": "backend_service", "filename": "backend_service/src/core/indexes.py", "revision_history": [{"42": "133416b960eba02908dcd7a99c1ee182fc1486fd"}]}