{"is_source_file": true, "format": "Python", "description": "This file defines Pydantic data models for orders, including creation requests, status updates, and a response model, used within a backend service.", "external_files": ["pydantic", "datetime", "typing"], "external_methods": [], "published": ["OrderCreateIn", "OrderStatusUpdateIn", "OrderOut"], "classes": [{"name": "OrderCreateIn", "description": "Model for creating a new order, including plan ID, address, pincode, and preferred slot."}, {"name": "OrderStatusUpdateIn", "description": "Model for updating the status of an existing order."}, {"name": "OrderOut", "description": "Model representing order data sent as a response, including order metadata and timeline."}], "methods": [], "calls": [], "search-terms": ["OrderCreateIn", "OrderStatusUpdateIn", "OrderOut", "Pydantic", "models", "orders", "src/models/orders.py"], "state": 2, "file_id": 18, "knowledge_revision": 38, "git_revision": "133416b960eba02908dcd7a99c1ee182fc1486fd", "ctags": [{"_type": "tag", "name": "OrderCreateIn", "path": "/home/kavia/workspace/code-generation/connectplus-super-app-9565-9577/backend_service/src/models/orders.py", "pattern": "/^class OrderCreateIn(BaseModel):$/", "language": "Python", "kind": "class"}, {"_type": "tag", "name": "OrderOut", "path": "/home/kavia/workspace/code-generation/connectplus-super-app-9565-9577/backend_service/src/models/orders.py", "pattern": "/^class OrderOut(BaseModel):$/", "language": "Python", "kind": "class"}, {"_type": "tag", "name": "OrderStatusUpdateIn", "path": "/home/kavia/workspace/code-generation/connectplus-super-app-9565-9577/backend_service/src/models/orders.py", "pattern": "/^class OrderStatusUpdateIn(BaseModel):$/", "language": "Python", "kind": "class"}, {"_type": "tag", "name": "address", "path": "/home/kavia/workspace/code-generation/connectplus-super-app-9565-9577/backend_service/src/models/orders.py", "pattern": "/^    address: Dict[str, Any] = Field(..., description=\"Installation address object.\")$/", "language": "Python", "typeref": "typename:Dict[str, Any]", "kind": "variable", "scope": "OrderCreateIn", "scopeKind": "class"}, {"_type": "tag", "name": "assigned_engineer_id", "path": "/home/kavia/workspace/code-generation/connectplus-super-app-9565-9577/backend_service/src/models/orders.py", "pattern": "/^    assigned_engineer_id: Optional[str] = Field(None, description=\"Assigned engineer id.\")$/", "language": "Python", "typeref": "typename:Optional[str]", "kind": "variable", "scope": "OrderOut", "scopeKind": "class"}, {"_type": "tag", "name": "created_at", "path": "/home/kavia/workspace/code-generation/connectplus-super-app-9565-9577/backend_service/src/models/orders.py", "pattern": "/^    created_at: datetime = Field(..., description=\"Creation timestamp.\")$/", "language": "Python", "typeref": "typename:datetime", "kind": "variable", "scope": "OrderOut", "scopeKind": "class"}, {"_type": "tag", "name": "id", "path": "/home/kavia/workspace/code-generation/connectplus-super-app-9565-9577/backend_service/src/models/orders.py", "pattern": "/^    id: str = Field(..., description=\"Order id.\")$/", "language": "Python", "typeref": "typename:str", "kind": "variable", "scope": "OrderOut", "scopeKind": "class"}, {"_type": "tag", "name": "pincode", "path": "/home/kavia/workspace/code-generation/connectplus-super-app-9565-9577/backend_service/src/models/orders.py", "pattern": "/^    pincode: str = Field(..., description=\"Pincode for serviceability and assignment.\")$/", "language": "Python", "typeref": "typename:str", "kind": "variable", "scope": "OrderCreateIn", "scopeKind": "class"}, {"_type": "tag", "name": "plan_id", "path": "/home/kavia/workspace/code-generation/connectplus-super-app-9565-9577/backend_service/src/models/orders.py", "pattern": "/^    plan_id: str = Field(..., description=\"Plan id.\")$/", "language": "Python", "typeref": "typename:str", "kind": "variable", "scope": "OrderOut", "scopeKind": "class"}, {"_type": "tag", "name": "plan_id", "path": "/home/kavia/workspace/code-generation/connectplus-super-app-9565-9577/backend_service/src/models/orders.py", "pattern": "/^    plan_id: str = Field(..., description=\"Selected plan id.\")$/", "language": "Python", "typeref": "typename:str", "kind": "variable", "scope": "OrderCreateIn", "scopeKind": "class"}, {"_type": "tag", "name": "preferred_slot", "path": "/home/kavia/workspace/code-generation/connectplus-super-app-9565-9577/backend_service/src/models/orders.py", "pattern": "/^    preferred_slot: str = Field(..., description=\"Preferred time slot (ISO string or human reada/", "language": "Python", "typeref": "typename:str", "kind": "variable", "scope": "OrderCreateIn", "scopeKind": "class"}, {"_type": "tag", "name": "price", "path": "/home/kavia/workspace/code-generation/connectplus-super-app-9565-9577/backend_service/src/models/orders.py", "pattern": "/^    price: int = Field(..., description=\"Price captured at order time.\")$/", "language": "Python", "typeref": "typename:int", "kind": "variable", "scope": "OrderOut", "scopeKind": "class"}, {"_type": "tag", "name": "slot", "path": "/home/kavia/workspace/code-generation/connectplus-super-app-9565-9577/backend_service/src/models/orders.py", "pattern": "/^    slot: str = Field(..., description=\"Scheduled slot.\")$/", "language": "Python", "typeref": "typename:str", "kind": "variable", "scope": "OrderOut", "scopeKind": "class"}, {"_type": "tag", "name": "status", "path": "/home/kavia/workspace/code-generation/connectplus-super-app-9565-9577/backend_service/src/models/orders.py", "pattern": "/^    status: str = Field(..., description=\"New status: scheduled|in_progress|completed|cancelled./", "language": "Python", "typeref": "typename:str", "kind": "variable", "scope": "OrderStatusUpdateIn", "scopeKind": "class"}, {"_type": "tag", "name": "status", "path": "/home/kavia/workspace/code-generation/connectplus-super-app-9565-9577/backend_service/src/models/orders.py", "pattern": "/^    status: str = Field(..., description=\"Order status.\")$/", "language": "Python", "typeref": "typename:str", "kind": "variable", "scope": "OrderOut", "scopeKind": "class"}, {"_type": "tag", "name": "timeline", "path": "/home/kavia/workspace/code-generation/connectplus-super-app-9565-9577/backend_service/src/models/orders.py", "pattern": "/^    timeline: List[Dict[str, Any]] = Field(default_factory=list, description=\"Status timeline ev/", "language": "Python", "typeref": "typename:List[Dict[str, Any]]", "kind": "variable", "scope": "OrderOut", "scopeKind": "class"}, {"_type": "tag", "name": "updated_at", "path": "/home/kavia/workspace/code-generation/connectplus-super-app-9565-9577/backend_service/src/models/orders.py", "pattern": "/^    updated_at: datetime = Field(..., description=\"Last update timestamp.\")$/", "language": "Python", "typeref": "typename:datetime", "kind": "variable", "scope": "OrderOut", "scopeKind": "class"}, {"_type": "tag", "name": "user_id", "path": "/home/kavia/workspace/code-generation/connectplus-super-app-9565-9577/backend_service/src/models/orders.py", "pattern": "/^    user_id: str = Field(..., description=\"Owner user id.\")$/", "language": "Python", "typeref": "typename:str", "kind": "variable", "scope": "OrderOut", "scopeKind": "class"}], "hash": "1c7f99ff634f14116c0ba9931b9416a3", "format-version": 4, "code-base-name": "backend_service", "filename": "backend_service/src/models/orders.py", "fields": [{"name": "Dict[str, Any] address", "scope": "OrderCreateIn", "scopeKind": "class", "description": "unavailable"}, {"name": "Optional[str] assigned_engineer_id", "scope": "OrderOut", "scopeKind": "class", "description": "unavailable"}, {"name": "datetime created_at", "scope": "OrderOut", "scopeKind": "class", "description": "unavailable"}, {"name": "str id", "scope": "OrderOut", "scopeKind": "class", "description": "unavailable"}, {"name": "str pincode", "scope": "OrderCreateIn", "scopeKind": "class", "description": "unavailable"}, {"name": "str plan_id", "scope": "OrderOut", "scopeKind": "class", "description": "unavailable"}, {"name": "str preferred_slot", "scope": "OrderCreateIn", "scopeKind": "class", "description": "unavailable"}, {"name": "int price", "scope": "OrderOut", "scopeKind": "class", "description": "unavailable"}, {"name": "str slot", "scope": "OrderOut", "scopeKind": "class", "description": "unavailable"}, {"name": "str status", "scope": "OrderStatusUpdateIn", "scopeKind": "class", "description": "unavailable"}, {"name": "List[Dict[str, Any]] timeline", "scope": "OrderOut", "scopeKind": "class", "description": "unavailable"}, {"name": "datetime updated_at", "scope": "OrderOut", "scopeKind": "class", "description": "unavailable"}, {"name": "str user_id", "scope": "OrderOut", "scopeKind": "class", "description": "unavailable"}], "revision_history": [{"38": "133416b960eba02908dcd7a99c1ee182fc1486fd"}]}