{"is_source_file": true, "format": "Python", "description": "Main module for a FastAPI-based backend service, setting up the API application, middleware, startup events, and route inclusions.", "external_files": ["src/core/db", "src/core/indexes", "src/core/seed", "src.api.routers.chat", "src.api.routers.orders", "src.api.routers.plans", "src.api.routers.tickets"], "external_methods": ["get_db", "ensure_indexes", "seed_core_data"], "published": ["app", "health_check"], "classes": [], "methods": [{"name": "_startup()", "description": "Initializes database indexes and seeds core data during application startup.", "scope": "", "scopeKind": ""}, {"name": "health_check()", "description": "Exposes a health check endpoint to verify service availability.", "scope": "", "scopeKind": ""}], "calls": ["get_db", "ensure_indexes", "seed_core_data", "app.include_router"], "search-terms": ["FastAPI", "startup event", "routes", "middleware", "cors", "health check"], "state": 2, "file_id": 2, "knowledge_revision": 31, "git_revision": "133416b960eba02908dcd7a99c1ee182fc1486fd", "revision_history": [{"9": "a17970d050a41bb95017176fea1f760c60f4146f"}, {"31": "133416b960eba02908dcd7a99c1ee182fc1486fd"}], "ctags": [{"_type": "tag", "name": "_startup", "path": "/home/kavia/workspace/code-generation/connectplus-super-app-9565-9577/backend_service/src/api/main.py", "pattern": "/^def _startup():$/", "language": "Python", "kind": "function", "signature": "()"}, {"_type": "tag", "name": "app", "path": "/home/kavia/workspace/code-generation/connectplus-super-app-9565-9577/backend_service/src/api/main.py", "pattern": "/^app = FastAPI($/", "language": "Python", "kind": "variable"}, {"_type": "tag", "name": "chat_router", "path": "/home/kavia/workspace/code-generation/connectplus-super-app-9565-9577/backend_service/src/api/main.py", "pattern": "/^from src.api.routers.chat import router as chat_router$/", "language": "Python", "kind": "unknown", "nameref": "unknown:router"}, {"_type": "tag", "name": "health_check", "path": "/home/kavia/workspace/code-generation/connectplus-super-app-9565-9577/backend_service/src/api/main.py", "pattern": "/^def health_check():$/", "language": "Python", "kind": "function", "signature": "()"}, {"_type": "tag", "name": "openapi_tags", "path": "/home/kavia/workspace/code-generation/connectplus-super-app-9565-9577/backend_service/src/api/main.py", "pattern": "/^openapi_tags = [$/", "language": "Python", "kind": "variable"}, {"_type": "tag", "name": "orders_router", "path": "/home/kavia/workspace/code-generation/connectplus-super-app-9565-9577/backend_service/src/api/main.py", "pattern": "/^from src.api.routers.orders import router as orders_router$/", "language": "Python", "kind": "unknown", "nameref": "unknown:router"}, {"_type": "tag", "name": "plans_router", "path": "/home/kavia/workspace/code-generation/connectplus-super-app-9565-9577/backend_service/src/api/main.py", "pattern": "/^from src.api.routers.plans import router as plans_router$/", "language": "Python", "kind": "unknown", "nameref": "unknown:router"}, {"_type": "tag", "name": "tickets_router", "path": "/home/kavia/workspace/code-generation/connectplus-super-app-9565-9577/backend_service/src/api/main.py", "pattern": "/^from src.api.routers.tickets import router as tickets_router$/", "language": "Python", "kind": "unknown", "nameref": "unknown:router"}], "hash": "f28cf9353b25b364bae507b382544b56", "format-version": 4, "code-base-name": "backend_service", "filename": "backend_service/src/api/main.py", "fields": [{"name": "app = FastAPI(", "scope": "", "scopeKind": "", "description": "unavailable"}, {"name": "openapi_tags = [", "scope": "", "scopeKind": "", "description": "unavailable"}]}