{"is_source_file": true, "format": "Python", "description": "This is a source code file implementing a web API using FastAPI. It sets up a FastAPI application instance, configures CORS middleware to allow all origins and methods, and defines a health check endpoint at the root URL that returns a health status message.", "external_files": ["fastapi", "fastapi.middleware.cors"], "external_methods": ["fastapi.FastAPI", "fastapi.middleware.cors.CORSMiddleware"], "published": ["app"], "classes": [], "methods": [{"name": "health_check()", "description": "Defines an endpoint at '/' that returns a JSON message indicating the service is healthy.", "scope": "", "scopeKind": ""}], "calls": ["CORSMiddleware", "app.add_middleware", "app.get"], "search-terms": ["FastAPI", "CORS middleware", "health check endpoint", "main.py"], "state": 2, "file_id": 2, "knowledge_revision": 9, "git_revision": "a17970d050a41bb95017176fea1f760c60f4146f", "ctags": [{"_type": "tag", "name": "app", "path": "/home/kavia/workspace/code-generation/connectplus-super-app-9565-9577/backend_service/src/api/main.py", "pattern": "/^app = FastAPI()$/", "language": "Python", "kind": "variable"}, {"_type": "tag", "name": "health_check", "path": "/home/kavia/workspace/code-generation/connectplus-super-app-9565-9577/backend_service/src/api/main.py", "pattern": "/^def health_check():$/", "language": "Python", "kind": "function", "signature": "()"}], "hash": "58352bf5f133908bab16643199aa483d", "format-version": 4, "code-base-name": "backend_service", "filename": "backend_service/src/api/main.py", "fields": [{"name": "app = FastAPI()", "scope": "", "scopeKind": "", "description": "unavailable"}], "revision_history": [{"9": "a17970d050a41bb95017176fea1f760c60f4146f"}]}