{"is_source_file": true, "file_id": 6, "git_revision": "", "state": 1, "description": "", "external_files": [], "external_methods": [], "published": [], "classes": [], "methods": [], "calls": [], "search-terms": [], "ctags": [{"_type": "tag", "name": "_mongo_client", "path": "/home/kavia/workspace/code-generation/connectplus-super-app-9565-9577/backend_service/src/core/db.py", "pattern": "/^def _mongo_client() -> MongoClient:$/", "language": "Python", "typeref": "typename:MongoClient", "kind": "function", "signature": "()"}, {"_type": "tag", "name": "get_db", "path": "/home/kavia/workspace/code-generation/connectplus-super-app-9565-9577/backend_service/src/core/db.py", "pattern": "/^def get_db() -> Database[Any]:$/", "language": "Python", "typeref": "typename:Database[Any]", "kind": "function", "signature": "()"}], "format": "Python", "hash": "17a75608950c2e30bbc3076272f942ce", "format-version": 4, "code-base-name": "backend_service", "filename": "backend_service/src/core/db.py", "knowledge_revision": 11}