{"is_source_file": true, "format": "Python", "description": "This file defines utility functions for establishing and retrieving a singleton MongoDB client and database handle in a Python project, utilizing caching for efficiency.", "external_files": ["src/core/settings.py"], "external_methods": ["get_settings"], "published": ["get_db"], "classes": [], "methods": [{"name": "MongoClient _mongo_client()", "description": "Creates and caches a singleton MongoClient instance to prevent connection storms.", "scope": "", "scopeKind": ""}, {"name": "Database[Any] get_db()", "description": "Returns the MongoDB database handle based on settings.", "scope": "", "scopeKind": ""}], "calls": ["get_settings", "MongoClient"], "search-terms": ["MongoClient singleton", "database connection", "get_db function", "MongoDB URI", "cached MongoClient"], "state": 2, "file_id": 6, "knowledge_revision": 45, "git_revision": "133416b960eba02908dcd7a99c1ee182fc1486fd", "ctags": [{"_type": "tag", "name": "_mongo_client", "path": "/home/kavia/workspace/code-generation/connectplus-super-app-9565-9577/backend_service/src/core/db.py", "pattern": "/^def _mongo_client() -> MongoClient:$/", "language": "Python", "typeref": "typename:MongoClient", "kind": "function", "signature": "()"}, {"_type": "tag", "name": "get_db", "path": "/home/kavia/workspace/code-generation/connectplus-super-app-9565-9577/backend_service/src/core/db.py", "pattern": "/^def get_db() -> Database[Any]:$/", "language": "Python", "typeref": "typename:Database[Any]", "kind": "function", "signature": "()"}], "hash": "17a75608950c2e30bbc3076272f942ce", "format-version": 4, "code-base-name": "backend_service", "filename": "backend_service/src/core/db.py", "revision_history": [{"45": "133416b960eba02908dcd7a99c1ee182fc1486fd"}]}