{"is_source_file": true, "format": "Python", "description": "This file defines application configuration settings using pydantic's BaseSettings, loading environment variables with specified defaults and descriptions. It includes a function to retrieve the current settings.", "external_files": ["pydantic", "pydantic_settings"], "external_methods": ["pydantic.Field", "pydantic_settings.BaseSettings", "pydantic_settings.SettingsConfigDict"], "published": ["get_settings"], "classes": [{"name": "Settings", "description": "A configuration class that loads settings from environment variables with default values and descriptions for each setting."}], "methods": [{"name": "Settings get_settings()", "description": "Function that returns an instance of the Settings class with current environment variable values.", "scope": "", "scopeKind": ""}], "calls": ["Settings()", "Field(...)"], "search-terms": ["Settings", "BaseSettings", "configuration", "environment variables", "pydantic"], "state": 2, "file_id": 5, "knowledge_revision": 46, "git_revision": "133416b960eba02908dcd7a99c1ee182fc1486fd", "ctags": [{"_type": "tag", "name": "Settings", "path": "/home/kavia/workspace/code-generation/connectplus-super-app-9565-9577/backend_service/src/core/settings.py", "pattern": "/^class Settings(BaseSettings):$/", "language": "Python", "kind": "class"}, {"_type": "tag", "name": "ai_engine_base_url", "path": "/home/kavia/workspace/code-generation/connectplus-super-app-9565-9577/backend_service/src/core/settings.py", "pattern": "/^    ai_engine_base_url: str = Field($/", "language": "Python", "typeref": "typename:str", "kind": "variable", "scope": "Settings", "scopeKind": "class"}, {"_type": "tag", "name": "chat_rate_limit_per_minute", "path": "/home/kavia/workspace/code-generation/connectplus-super-app-9565-9577/backend_service/src/core/settings.py", "pattern": "/^    chat_rate_limit_per_minute: int = Field($/", "language": "Python", "typeref": "typename:int", "kind": "variable", "scope": "Settings", "scopeKind": "class"}, {"_type": "tag", "name": "get_settings", "path": "/home/kavia/workspace/code-generation/connectplus-super-app-9565-9577/backend_service/src/core/settings.py", "pattern": "/^def get_settings() -> Settings:$/", "language": "Python", "typeref": "typename:Settings", "kind": "function", "signature": "()"}, {"_type": "tag", "name": "jwt_algorithm", "path": "/home/kavia/workspace/code-generation/connectplus-super-app-9565-9577/backend_service/src/core/settings.py", "pattern": "/^    jwt_algorithm: str = Field($/", "language": "Python", "typeref": "typename:str", "kind": "variable", "scope": "Settings", "scopeKind": "class"}, {"_type": "tag", "name": "jwt_secret", "path": "/home/kavia/workspace/code-generation/connectplus-super-app-9565-9577/backend_service/src/core/settings.py", "pattern": "/^    jwt_secret: str = Field($/", "language": "Python", "typeref": "typename:str", "kind": "variable", "scope": "Settings", "scopeKind": "class"}, {"_type": "tag", "name": "model_config", "path": "/home/kavia/workspace/code-generation/connectplus-super-app-9565-9577/backend_service/src/core/settings.py", "pattern": "/^    model_config = SettingsConfigDict(env_file=\".env\", extra=\"ignore\")$/", "language": "Python", "kind": "variable", "scope": "Settings", "scopeKind": "class"}, {"_type": "tag", "name": "mongodb_db", "path": "/home/kavia/workspace/code-generation/connectplus-super-app-9565-9577/backend_service/src/core/settings.py", "pattern": "/^    mongodb_db: str = Field(..., alias=\"MONGODB_DB\", description=\"MongoDB database name.\")$/", "language": "Python", "typeref": "typename:str", "kind": "variable", "scope": "Settings", "scopeKind": "class"}, {"_type": "tag", "name": "mongodb_uri", "path": "/home/kavia/workspace/code-generation/connectplus-super-app-9565-9577/backend_service/src/core/settings.py", "pattern": "/^    mongodb_uri: str = Field(..., alias=\"MONGODB_URI\", description=\"MongoDB connection URI.\")$/", "language": "Python", "typeref": "typename:str", "kind": "variable", "scope": "Settings", "scopeKind": "class"}], "hash": "f4922eb3296840c890291d037f3649a9", "format-version": 4, "code-base-name": "backend_service", "filename": "backend_service/src/core/settings.py", "fields": [{"name": "str ai_engine_base_url", "scope": "Settings", "scopeKind": "class", "description": "unavailable"}, {"name": "int chat_rate_limit_per_minute", "scope": "Settings", "scopeKind": "class", "description": "unavailable"}, {"name": "str jwt_algorithm", "scope": "Settings", "scopeKind": "class", "description": "unavailable"}, {"name": "str jwt_secret", "scope": "Settings", "scopeKind": "class", "description": "unavailable"}, {"name": "model_config = SettingsConfigDict(env_file=\".env\", extra=\"ignore\")", "scope": "Settings", "scopeKind": "class", "description": "unavailable"}, {"name": "str mongodb_db", "scope": "Settings", "scopeKind": "class", "description": "unavailable"}, {"name": "str mongodb_uri", "scope": "Settings", "scopeKind": "class", "description": "unavailable"}], "revision_history": [{"46": "133416b960eba02908dcd7a99c1ee182fc1486fd"}]}