{"is_source_file": true, "format": "Python", "description": "This file appears to be the __init__.py for the core module of a Python project, likely used to initialize core utilities such as settings, database, authentication, and indexes.", "external_files": [], "external_methods": [], "published": [], "classes": [], "methods": [], "calls": [], "search-terms": ["__init__.py", "core utilities", "settings", "db", "auth", "indexes"], "state": 2, "file_id": 22, "knowledge_revision": 41, "git_revision": "133416b960eba02908dcd7a99c1ee182fc1486fd", "ctags": [], "hash": "06f6edeb249af25b522880f6b9627406", "format-version": 4, "code-base-name": "backend_service", "filename": "backend_service/src/core/__init__.py", "revision_history": [{"41": "133416b960eba02908dcd7a99c1ee182fc1486fd"}]}