{"is_source_file": true, "format": "Python", "description": "This file appears to be the initialization script for the API routers in a Python backend service. It likely serves to set up or register the domain endpoints for the application.", "external_files": [], "external_methods": [], "published": [], "classes": [], "methods": [], "calls": [], "search-terms": ["api", "routers", "domain endpoints", "backend_service", "init"], "state": 2, "file_id": 11, "knowledge_revision": 29, "git_revision": "133416b960eba02908dcd7a99c1ee182fc1486fd", "ctags": [], "hash": "a25cac57f0991c03c0373e36e1f949cd", "format-version": 4, "code-base-name": "backend_service", "filename": "backend_service/src/api/routers/__init__.py", "revision_history": [{"29": "133416b960eba02908dcd7a99c1ee182fc1486fd"}]}