{"is_source_file": true, "file_id": 5, "git_revision": "", "state": 1, "description": "", "external_files": [], "external_methods": [], "published": [], "classes": [], "methods": [], "calls": [], "search-terms": [], "ctags": [{"_type": "tag", "name": "Settings", "path": "/home/kavia/workspace/code-generation/connectplus-super-app-9565-9577/backend_service/src/core/settings.py", "pattern": "/^class Settings(BaseSettings):$/", "language": "Python", "kind": "class"}, {"_type": "tag", "name": "ai_engine_base_url", "path": "/home/kavia/workspace/code-generation/connectplus-super-app-9565-9577/backend_service/src/core/settings.py", "pattern": "/^    ai_engine_base_url: str = Field($/", "language": "Python", "typeref": "typename:str", "kind": "variable", "scope": "Settings", "scopeKind": "class"}, {"_type": "tag", "name": "chat_rate_limit_per_minute", "path": "/home/kavia/workspace/code-generation/connectplus-super-app-9565-9577/backend_service/src/core/settings.py", "pattern": "/^    chat_rate_limit_per_minute: int = Field($/", "language": "Python", "typeref": "typename:int", "kind": "variable", "scope": "Settings", "scopeKind": "class"}, {"_type": "tag", "name": "get_settings", "path": "/home/kavia/workspace/code-generation/connectplus-super-app-9565-9577/backend_service/src/core/settings.py", "pattern": "/^def get_settings() -> Settings:$/", "language": "Python", "typeref": "typename:Settings", "kind": "function", "signature": "()"}, {"_type": "tag", "name": "jwt_algorithm", "path": "/home/kavia/workspace/code-generation/connectplus-super-app-9565-9577/backend_service/src/core/settings.py", "pattern": "/^    jwt_algorithm: str = Field($/", "language": "Python", "typeref": "typename:str", "kind": "variable", "scope": "Settings", "scopeKind": "class"}, {"_type": "tag", "name": "jwt_secret", "path": "/home/kavia/workspace/code-generation/connectplus-super-app-9565-9577/backend_service/src/core/settings.py", "pattern": "/^    jwt_secret: str = Field($/", "language": "Python", "typeref": "typename:str", "kind": "variable", "scope": "Settings", "scopeKind": "class"}, {"_type": "tag", "name": "model_config", "path": "/home/kavia/workspace/code-generation/connectplus-super-app-9565-9577/backend_service/src/core/settings.py", "pattern": "/^    model_config = SettingsConfigDict(env_file=\".env\", extra=\"ignore\")$/", "language": "Python", "kind": "variable", "scope": "Settings", "scopeKind": "class"}, {"_type": "tag", "name": "mongodb_db", "path": "/home/kavia/workspace/code-generation/connectplus-super-app-9565-9577/backend_service/src/core/settings.py", "pattern": "/^    mongodb_db: str = Field(..., alias=\"MONGODB_DB\", description=\"MongoDB database name.\")$/", "language": "Python", "typeref": "typename:str", "kind": "variable", "scope": "Settings", "scopeKind": "class"}, {"_type": "tag", "name": "mongodb_uri", "path": "/home/kavia/workspace/code-generation/connectplus-super-app-9565-9577/backend_service/src/core/settings.py", "pattern": "/^    mongodb_uri: str = Field(..., alias=\"MONGODB_URI\", description=\"MongoDB connection URI.\")$/", "language": "Python", "typeref": "typename:str", "kind": "variable", "scope": "Settings", "scopeKind": "class"}], "format": "Python", "hash": "f4922eb3296840c890291d037f3649a9", "format-version": 4, "code-base-name": "backend_service", "filename": "backend_service/src/core/settings.py", "knowledge_revision": 10}