{"is_source_file": false, "format": "", "description": "", "external_files": [], "external_methods": [], "published": [], "classes": [], "methods": [], "calls": [], "search-terms": [], "state": 2, "file_id": 17, "knowledge_revision": 37, "git_revision": "133416b960eba02908dcd7a99c1ee182fc1486fd", "ctags": [], "hash": "47e0e6c96a79f5aacdeac412b6dc855a", "format-version": 4, "code-base-name": "backend_service", "filename": "backend_service/src/models/__init__.py", "revision_history": [{"37": "133416b960eba02908dcd7a99c1ee182fc1486fd"}]}