{"is_source_file": true, "format": "Python", "description": "This file defines a function 'seed_core_data' that initializes database collections with seed data for plans, service areas, and engineers, using idempotent upsert operations.", "external_files": ["src.core.utils"], "external_methods": ["now_utc"], "published": ["seed_core_data"], "classes": [], "methods": [{"name": "None seed_core_data(db: Database)", "description": "Seeds core collections in the database with predefined plans, service areas, and engineers data in an idempotent manner.", "scope": "", "scopeKind": ""}], "calls": ["db.plans.update_one", "db.service_areas.update_one", "db.engineers.update_one", "now_utc"], "search-terms": ["seed_core_data", "MongoDB seed data", "plans", "service_areas", "engineers", "idempotent upsert"], "state": 2, "file_id": 23, "knowledge_revision": 43, "git_revision": "133416b960eba02908dcd7a99c1ee182fc1486fd", "ctags": [{"_type": "tag", "name": "seed_core_data", "path": "/home/kavia/workspace/code-generation/connectplus-super-app-9565-9577/backend_service/src/core/seed.py", "pattern": "/^def seed_core_data(db: Database) -> None:$/", "language": "Python", "typeref": "typename:None", "kind": "function", "signature": "(db: Database)"}], "hash": "493600a2d36e9c3b9f33f8f6234fb112", "format-version": 4, "code-base-name": "backend_service", "filename": "backend_service/src/core/seed.py", "revision_history": [{"43": "133416b960eba02908dcd7a99c1ee182fc1486fd"}]}