{"is_source_file": true, "file_id": 7, "git_revision": "", "state": 1, "description": "", "external_files": [], "external_methods": [], "published": [], "classes": [], "methods": [], "calls": [], "search-terms": [], "ctags": [{"_type": "tag", "name": "AuthUser", "path": "/home/kavia/workspace/code-generation/connectplus-super-app-9565-9577/backend_service/src/core/auth.py", "pattern": "/^class AuthUser:$/", "language": "Python", "kind": "class"}, {"_type": "tag", "name": "_dep", "path": "/home/kavia/workspace/code-generation/connectplus-super-app-9565-9577/backend_service/src/core/auth.py", "pattern": "/^    def _dep(user: AuthUser = Depends(get_current_user)) -> AuthUser:$/", "file": true, "language": "Python", "typeref": "typename:AuthUser", "kind": "function", "signature": "(user: AuthUser = Depends(get_current_user))", "scope": "require_roles", "scopeKind": "function"}, {"_type": "tag", "name": "_forbidden", "path": "/home/kavia/workspace/code-generation/connectplus-super-app-9565-9577/backend_service/src/core/auth.py", "pattern": "/^def _forbidden(detail: str = \"Not authorized\") -> HTTPException:$/", "language": "Python", "typeref": "typename:HTTPException", "kind": "function", "signature": "(detail: str = \"Not authorized\")"}, {"_type": "tag", "name": "_unauthorized", "path": "/home/kavia/workspace/code-generation/connectplus-super-app-9565-9577/backend_service/src/core/auth.py", "pattern": "/^def _unauthorized(detail: str = \"Not authenticated\") -> HTTPException:$/", "language": "Python", "typeref": "typename:HTTPException", "kind": "function", "signature": "(detail: str = \"Not authenticated\")"}, {"_type": "tag", "name": "bearer", "path": "/home/kavia/workspace/code-generation/connectplus-super-app-9565-9577/backend_service/src/core/auth.py", "pattern": "/^bearer = HTTPBearer(auto_error=False)$/", "language": "Python", "kind": "variable"}, {"_type": "tag", "name": "get_current_user", "path": "/home/kavia/workspace/code-generation/connectplus-super-app-9565-9577/backend_service/src/core/auth.py", "pattern": "/^def get_current_user($/", "language": "Python", "typeref": "typename:AuthUser", "kind": "function", "signature": "( creds: Optional[HTTPAuthorizationCredentials] = Depends(bearer), )"}, {"_type": "tag", "name": "require_roles", "path": "/home/kavia/workspace/code-generation/connectplus-super-app-9565-9577/backend_service/src/core/auth.py", "pattern": "/^def require_roles(required: List[str]):$/", "language": "Python", "kind": "function", "signature": "(required: List[str])"}], "format": "Python", "hash": "db957b03ee392064c5a3b0f23d5b04b7", "format-version": 4, "code-base-name": "backend_service", "filename": "backend_service/src/core/auth.py", "knowledge_revision": 12}