{"is_source_file": true, "format": "Python", "description": "This file defines data models related to support tickets using Pydantic. It includes models for creating, assigning, updating, commenting, and representing support tickets, with relevant fields and metadata.", "external_files": ["datetime", "typing", "pydantic"], "external_methods": [], "published": ["TicketCreateIn", "TicketAssignIn", "TicketStatusUpdateIn", "TicketCommentIn", "TicketOut"], "classes": [{"name": "TicketCreateIn", "description": "Model for creating a support ticket, including category, description, and optional attachments."}, {"name": "TicketAssignIn", "description": "Model for assigning a ticket to a specific user (agent/engineer)."}, {"name": "TicketStatusUpdateIn", "description": "Model for updating the status of a ticket."}, {"name": "TicketCommentIn", "description": "Model for adding comments or updates to a ticket."}, {"name": "TicketOut", "description": "Model representing the ticket data sent in responses, with PII-safe fields."}], "methods": [], "calls": [], "search-terms": ["pydantic", "ticket models", "support ticket", "TicketCreateIn", "TicketAssignIn", "TicketStatusUpdateIn", "TicketCommentIn", "TicketOut"], "state": 2, "file_id": 16, "knowledge_revision": 40, "git_revision": "133416b960eba02908dcd7a99c1ee182fc1486fd", "ctags": [{"_type": "tag", "name": "TicketAssignIn", "path": "/home/kavia/workspace/code-generation/connectplus-super-app-9565-9577/backend_service/src/models/tickets.py", "pattern": "/^class TicketAssignIn(BaseModel):$/", "language": "Python", "kind": "class"}, {"_type": "tag", "name": "TicketCommentIn", "path": "/home/kavia/workspace/code-generation/connectplus-super-app-9565-9577/backend_service/src/models/tickets.py", "pattern": "/^class TicketCommentIn(BaseModel):$/", "language": "Python", "kind": "class"}, {"_type": "tag", "name": "TicketCreateIn", "path": "/home/kavia/workspace/code-generation/connectplus-super-app-9565-9577/backend_service/src/models/tickets.py", "pattern": "/^class TicketCreateIn(BaseModel):$/", "language": "Python", "kind": "class"}, {"_type": "tag", "name": "TicketOut", "path": "/home/kavia/workspace/code-generation/connectplus-super-app-9565-9577/backend_service/src/models/tickets.py", "pattern": "/^class TicketOut(BaseModel):$/", "language": "Python", "kind": "class"}, {"_type": "tag", "name": "TicketStatusUpdateIn", "path": "/home/kavia/workspace/code-generation/connectplus-super-app-9565-9577/backend_service/src/models/tickets.py", "pattern": "/^class TicketStatusUpdateIn(BaseModel):$/", "language": "Python", "kind": "class"}, {"_type": "tag", "name": "assigned_to", "path": "/home/kavia/workspace/code-generation/connectplus-super-app-9565-9577/backend_service/src/models/tickets.py", "pattern": "/^    assigned_to: Optional[Dict[str, Any]] = Field(None, description=\"Assignment metadata.\")$/", "language": "Python", "typeref": "typename:Optional[Dict[str, Any]]", "kind": "variable", "scope": "TicketOut", "scopeKind": "class"}, {"_type": "tag", "name": "assigned_to_user_id", "path": "/home/kavia/workspace/code-generation/connectplus-super-app-9565-9577/backend_service/src/models/tickets.py", "pattern": "/^    assigned_to_user_id: str = Field(..., description=\"User id of agent\\/engineer.\")$/", "language": "Python", "typeref": "typename:str", "kind": "variable", "scope": "TicketAssignIn", "scopeKind": "class"}, {"_type": "tag", "name": "attachments", "path": "/home/kavia/workspace/code-generation/connectplus-super-app-9565-9577/backend_service/src/models/tickets.py", "pattern": "/^    attachments: Optional[List[Dict[str, Any]]] = Field($/", "language": "Python", "typeref": "typename:Optional[List[Dict[str, Any]]]", "kind": "variable", "scope": "TicketCreateIn", "scopeKind": "class"}, {"_type": "tag", "name": "category", "path": "/home/kavia/workspace/code-generation/connectplus-super-app-9565-9577/backend_service/src/models/tickets.py", "pattern": "/^    category: str = Field(..., description=\"Ticket category\\/issue_type (e.g., speed, outage, bi/", "language": "Python", "typeref": "typename:str", "kind": "variable", "scope": "TicketCreateIn", "scopeKind": "class"}, {"_type": "tag", "name": "created_at", "path": "/home/kavia/workspace/code-generation/connectplus-super-app-9565-9577/backend_service/src/models/tickets.py", "pattern": "/^    created_at: datetime = Field(..., description=\"Creation timestamp.\")$/", "language": "Python", "typeref": "typename:datetime", "kind": "variable", "scope": "TicketOut", "scopeKind": "class"}, {"_type": "tag", "name": "description", "path": "/home/kavia/workspace/code-generation/connectplus-super-app-9565-9577/backend_service/src/models/tickets.py", "pattern": "/^    description: str = Field(..., description=\"User problem description.\")$/", "language": "Python", "typeref": "typename:str", "kind": "variable", "scope": "TicketCreateIn", "scopeKind": "class"}, {"_type": "tag", "name": "id", "path": "/home/kavia/workspace/code-generation/connectplus-super-app-9565-9577/backend_service/src/models/tickets.py", "pattern": "/^    id: str = Field(..., description=\"Ticket id.\")$/", "language": "Python", "typeref": "typename:str", "kind": "variable", "scope": "TicketOut", "scopeKind": "class"}, {"_type": "tag", "name": "issue_type", "path": "/home/kavia/workspace/code-generation/connectplus-super-app-9565-9577/backend_service/src/models/tickets.py", "pattern": "/^    issue_type: str = Field(..., description=\"Issue type\\/category.\")$/", "language": "Python", "typeref": "typename:str", "kind": "variable", "scope": "TicketOut", "scopeKind": "class"}, {"_type": "tag", "name": "message", "path": "/home/kavia/workspace/code-generation/connectplus-super-app-9565-9577/backend_service/src/models/tickets.py", "pattern": "/^    message: str = Field(..., description=\"Comment text.\")$/", "language": "Python", "typeref": "typename:str", "kind": "variable", "scope": "TicketCommentIn", "scopeKind": "class"}, {"_type": "tag", "name": "notes", "path": "/home/kavia/workspace/code-generation/connectplus-super-app-9565-9577/backend_service/src/models/tickets.py", "pattern": "/^    notes: List[Dict[str, Any]] = Field(default_factory=list, description=\"Audit trail \\/ commen/", "language": "Python", "typeref": "typename:List[Dict[str, Any]]", "kind": "variable", "scope": "TicketOut", "scopeKind": "class"}, {"_type": "tag", "name": "severity", "path": "/home/kavia/workspace/code-generation/connectplus-super-app-9565-9577/backend_service/src/models/tickets.py", "pattern": "/^    severity: str = Field(..., description=\"Severity (low|medium|high).\")$/", "language": "Python", "typeref": "typename:str", "kind": "variable", "scope": "TicketOut", "scopeKind": "class"}, {"_type": "tag", "name": "status", "path": "/home/kavia/workspace/code-generation/connectplus-super-app-9565-9577/backend_service/src/models/tickets.py", "pattern": "/^    status: str = Field(..., description=\"Ticket status.\")$/", "language": "Python", "typeref": "typename:str", "kind": "variable", "scope": "TicketOut", "scopeKind": "class"}, {"_type": "tag", "name": "status", "path": "/home/kavia/workspace/code-generation/connectplus-super-app-9565-9577/backend_service/src/models/tickets.py", "pattern": "/^    status: str = Field(..., description=\"open|assigned|in_progress|resolved|closed.\")$/", "language": "Python", "typeref": "typename:str", "kind": "variable", "scope": "TicketStatusUpdateIn", "scopeKind": "class"}, {"_type": "tag", "name": "updated_at", "path": "/home/kavia/workspace/code-generation/connectplus-super-app-9565-9577/backend_service/src/models/tickets.py", "pattern": "/^    updated_at: datetime = Field(..., description=\"Last update timestamp.\")$/", "language": "Python", "typeref": "typename:datetime", "kind": "variable", "scope": "TicketOut", "scopeKind": "class"}, {"_type": "tag", "name": "user_id", "path": "/home/kavia/workspace/code-generation/connectplus-super-app-9565-9577/backend_service/src/models/tickets.py", "pattern": "/^    user_id: str = Field(..., description=\"Ticket owner user id.\")$/", "language": "Python", "typeref": "typename:str", "kind": "variable", "scope": "TicketOut", "scopeKind": "class"}], "hash": "74aeee326f9ad256039ef94bbc6a3f21", "format-version": 4, "code-base-name": "backend_service", "filename": "backend_service/src/models/tickets.py", "fields": [{"name": "Optional[Dict[str, Any]] assigned_to", "scope": "TicketOut", "scopeKind": "class", "description": "unavailable"}, {"name": "str assigned_to_user_id", "scope": "TicketAssignIn", "scopeKind": "class", "description": "unavailable"}, {"name": "Optional[List[Dict[str, Any]]] attachments", "scope": "TicketCreateIn", "scopeKind": "class", "description": "unavailable"}, {"name": "str category", "scope": "TicketCreateIn", "scopeKind": "class", "description": "unavailable"}, {"name": "datetime created_at", "scope": "TicketOut", "scopeKind": "class", "description": "unavailable"}, {"name": "str description", "scope": "TicketCreateIn", "scopeKind": "class", "description": "unavailable"}, {"name": "str id", "scope": "TicketOut", "scopeKind": "class", "description": "unavailable"}, {"name": "str issue_type", "scope": "TicketOut", "scopeKind": "class", "description": "unavailable"}, {"name": "str message", "scope": "TicketCommentIn", "scopeKind": "class", "description": "unavailable"}, {"name": "List[Dict[str, Any]] notes", "scope": "TicketOut", "scopeKind": "class", "description": "unavailable"}, {"name": "str severity", "scope": "TicketOut", "scopeKind": "class", "description": "unavailable"}, {"name": "str status", "scope": "TicketOut", "scopeKind": "class", "description": "unavailable"}, {"name": "datetime updated_at", "scope": "TicketOut", "scopeKind": "class", "description": "unavailable"}, {"name": "str user_id", "scope": "TicketOut", "scopeKind": "class", "description": "unavailable"}], "revision_history": [{"40": "133416b960eba02908dcd7a99c1ee182fc1486fd"}]}