{"is_source_file": false, "format": "", "description": "", "external_files": [], "external_methods": [], "published": [], "classes": [], "methods": [], "calls": [], "search-terms": [], "state": 2, "file_id": 13, "knowledge_revision": 28, "git_revision": "133416b960eba02908dcd7a99c1ee182fc1486fd", "ctags": [], "hash": "86fff024a6a2dae8b8c4b973918187c7", "format-version": 4, "code-base-name": "backend_service", "filename": "backend_service/src/__init__.py", "revision_history": [{"28": "133416b960eba02908dcd7a99c1ee182fc1486fd"}]}