{"is_source_file": true, "format": "Python", "description": "Defines a Pydantic data model 'PlanOut' representing a plan response, including fields for id, name, speed, price, areas, status, optional data cap, and OTT bundles.", "external_files": ["pydantic", "typing"], "external_methods": [], "published": ["PlanOut"], "classes": [{"name": "PlanOut", "description": "A Pydantic model representing the details of a plan, including its id, name, speed, price, applicable areas, status, optional data cap, and OTT bundles."}], "methods": [], "calls": [], "search-terms": ["PlanOut", "pydantic", "plans", "model", "src/models/plans.py"], "state": 2, "file_id": 14, "knowledge_revision": 32, "git_revision": "133416b960eba02908dcd7a99c1ee182fc1486fd", "ctags": [{"_type": "tag", "name": "PlanOut", "path": "/home/kavia/workspace/code-generation/connectplus-super-app-9565-9577/backend_service/src/models/plans.py", "pattern": "/^class PlanOut(BaseModel):$/", "language": "Python", "kind": "class"}, {"_type": "tag", "name": "areas", "path": "/home/kavia/workspace/code-generation/connectplus-super-app-9565-9577/backend_service/src/models/plans.py", "pattern": "/^    areas: List[str] = Field(default_factory=list, description=\"Serviceable pincodes.\")$/", "language": "Python", "typeref": "typename:List[str]", "kind": "variable", "scope": "PlanOut", "scopeKind": "class"}, {"_type": "tag", "name": "data_cap_gb", "path": "/home/kavia/workspace/code-generation/connectplus-super-app-9565-9577/backend_service/src/models/plans.py", "pattern": "/^    data_cap_gb: Optional[int] = Field(None, description=\"Optional data cap.\")$/", "language": "Python", "typeref": "typename:Optional[int]", "kind": "variable", "scope": "PlanOut", "scopeKind": "class"}, {"_type": "tag", "name": "id", "path": "/home/kavia/workspace/code-generation/connectplus-super-app-9565-9577/backend_service/src/models/plans.py", "pattern": "/^    id: str = Field(..., description=\"Plan id.\")$/", "language": "Python", "typeref": "typename:str", "kind": "variable", "scope": "PlanOut", "scopeKind": "class"}, {"_type": "tag", "name": "name", "path": "/home/kavia/workspace/code-generation/connectplus-super-app-9565-9577/backend_service/src/models/plans.py", "pattern": "/^    name: str = Field(..., description=\"Plan name.\")$/", "language": "Python", "typeref": "typename:str", "kind": "variable", "scope": "PlanOut", "scopeKind": "class"}, {"_type": "tag", "name": "ott", "path": "/home/kavia/workspace/code-generation/connectplus-super-app-9565-9577/backend_service/src/models/plans.py", "pattern": "/^    ott: List[str] = Field(default_factory=list, description=\"Optional OTT bundle identifiers.\")$/", "language": "Python", "typeref": "typename:List[str]", "kind": "variable", "scope": "PlanOut", "scopeKind": "class"}, {"_type": "tag", "name": "price", "path": "/home/kavia/workspace/code-generation/connectplus-super-app-9565-9577/backend_service/src/models/plans.py", "pattern": "/^    price: int = Field(..., description=\"Monthly price in INR.\")$/", "language": "Python", "typeref": "typename:int", "kind": "variable", "scope": "PlanOut", "scopeKind": "class"}, {"_type": "tag", "name": "speed_mbps", "path": "/home/kavia/workspace/code-generation/connectplus-super-app-9565-9577/backend_service/src/models/plans.py", "pattern": "/^    speed_mbps: int = Field(..., description=\"Speed in Mbps.\")$/", "language": "Python", "typeref": "typename:int", "kind": "variable", "scope": "PlanOut", "scopeKind": "class"}, {"_type": "tag", "name": "status", "path": "/home/kavia/workspace/code-generation/connectplus-super-app-9565-9577/backend_service/src/models/plans.py", "pattern": "/^    status: str = Field(..., description=\"Plan status (e.g., ACTIVE).\")$/", "language": "Python", "typeref": "typename:str", "kind": "variable", "scope": "PlanOut", "scopeKind": "class"}], "hash": "eb11edfb38212346921add72e1d02f12", "format-version": 4, "code-base-name": "backend_service", "filename": "backend_service/src/models/plans.py", "fields": [{"name": "List[str] areas", "scope": "PlanOut", "scopeKind": "class", "description": "unavailable"}, {"name": "Optional[int] data_cap_gb", "scope": "PlanOut", "scopeKind": "class", "description": "unavailable"}, {"name": "str id", "scope": "PlanOut", "scopeKind": "class", "description": "unavailable"}, {"name": "str name", "scope": "PlanOut", "scopeKind": "class", "description": "unavailable"}, {"name": "List[str] ott", "scope": "PlanOut", "scopeKind": "class", "description": "unavailable"}, {"name": "int price", "scope": "PlanOut", "scopeKind": "class", "description": "unavailable"}, {"name": "int speed_mbps", "scope": "PlanOut", "scopeKind": "class", "description": "unavailable"}, {"name": "str status", "scope": "PlanOut", "scopeKind": "class", "description": "unavailable"}], "revision_history": [{"32": "133416b960eba02908dcd7a99c1ee182fc1486fd"}]}