{"is_source_file": true, "format": "Python", "description": "This Python source file provides utility functions related to date/time handling, MongoDB ObjectId parsing, and document serialization for a FastAPI backend service.", "external_files": ["bson", "fastapi"], "external_methods": ["bson.ObjectId", "fastapi.HTTPException"], "published": ["now_utc", "oid", "serialize_doc"], "classes": [], "methods": [{"name": "datetime now_utc()", "description": "Get current UTC time.", "scope": "", "scopeKind": ""}, {"name": "ObjectId oid(value: str)", "description": "Parse a string into a MongoDB ObjectId, raising an HTTPException if invalid.", "scope": "", "scopeKind": ""}, {"name": "Optional[Dict[str,Any]] serialize_doc(doc: Optional[Dict[str, Any]])", "description": "Serialize a MongoDB document to a JSON-friendly dictionary, converting ObjectId fields to strings.", "scope": "", "scopeKind": ""}], "calls": ["datetime.now", "ObjectId(value)", "HTTPException", "dict(doc)"], "search-terms": ["utils.py", "MongoDB ObjectId parsing", "serialize MongoDB document", "FastAPI exception handling", "UTC datetime utility"], "state": 2, "file_id": 19, "knowledge_revision": 36, "git_revision": "133416b960eba02908dcd7a99c1ee182fc1486fd", "ctags": [{"_type": "tag", "name": "now_utc", "path": "/home/kavia/workspace/code-generation/connectplus-super-app-9565-9577/backend_service/src/core/utils.py", "pattern": "/^def now_utc() -> datetime:$/", "language": "Python", "typeref": "typename:datetime", "kind": "function", "signature": "()"}, {"_type": "tag", "name": "oid", "path": "/home/kavia/workspace/code-generation/connectplus-super-app-9565-9577/backend_service/src/core/utils.py", "pattern": "/^def oid(value: str) -> ObjectId:$/", "language": "Python", "typeref": "typename:ObjectId", "kind": "function", "signature": "(value: str)"}, {"_type": "tag", "name": "serialize_doc", "path": "/home/kavia/workspace/code-generation/connectplus-super-app-9565-9577/backend_service/src/core/utils.py", "pattern": "/^def serialize_doc(doc: Optional[Dict[str, Any]]) -> Optional[Dict[str, Any]]:$/", "language": "Python", "typeref": "typename:Optional[Dict[str,Any]]", "kind": "function", "signature": "(doc: Optional[Dict[str, Any]])"}], "hash": "09291ac35277e1b739df204adf010c8a", "format-version": 4, "code-base-name": "backend_service", "filename": "backend_service/src/core/utils.py", "revision_history": [{"36": "133416b960eba02908dcd7a99c1ee182fc1486fd"}]}