{"is_source_file": true, "format": "Python", "description": "This file defines Pydantic data models related to chat interactions, including request and response schemas, message records, and chat history structures for a chat-based service.", "external_files": ["pydantic"], "external_methods": [], "published": ["ChatSendIn", "ChatSendOut", "ChatMessageOut", "ChatHistoryOut"], "classes": [{"name": "ChatSendIn", "description": "Request model for sending a chat message, including message text and optional context."}, {"name": "ChatSendOut", "description": "Response model for chat reply, including reply text, suggested actions, and message identifiers."}, {"name": "ChatMessageOut", "description": "Represents an individual chat message record with details like sender, content, and timestamp."}, {"name": "ChatHistoryOut", "description": "Structure representing a progress of chat history including conversation id, user id, list of messages, and pagination cursor."}], "methods": [], "calls": [], "search-terms": ["pydantic", "ChatSendIn", "ChatSendOut", "ChatMessageOut", "ChatHistoryOut", "models", "chat"], "state": 2, "file_id": 15, "knowledge_revision": 34, "git_revision": "133416b960eba02908dcd7a99c1ee182fc1486fd", "ctags": [{"_type": "tag", "name": "ChatHistoryOut", "path": "/home/kavia/workspace/code-generation/connectplus-super-app-9565-9577/backend_service/src/models/chat.py", "pattern": "/^class ChatHistoryOut(BaseModel):$/", "language": "Python", "kind": "class"}, {"_type": "tag", "name": "ChatMessageOut", "path": "/home/kavia/workspace/code-generation/connectplus-super-app-9565-9577/backend_service/src/models/chat.py", "pattern": "/^class ChatMessageOut(BaseModel):$/", "language": "Python", "kind": "class"}, {"_type": "tag", "name": "ChatSendIn", "path": "/home/kavia/workspace/code-generation/connectplus-super-app-9565-9577/backend_service/src/models/chat.py", "pattern": "/^class ChatSendIn(BaseModel):$/", "language": "Python", "kind": "class"}, {"_type": "tag", "name": "ChatSendOut", "path": "/home/kavia/workspace/code-generation/connectplus-super-app-9565-9577/backend_service/src/models/chat.py", "pattern": "/^class ChatSendOut(BaseModel):$/", "language": "Python", "kind": "class"}, {"_type": "tag", "name": "context", "path": "/home/kavia/workspace/code-generation/connectplus-super-app-9565-9577/backend_service/src/models/chat.py", "pattern": "/^    context: Optional[Dict[str, Any]] = Field(None, description=\"Optional contextual payload.\")$/", "language": "Python", "typeref": "typename:Optional[Dict[str, Any]]", "kind": "variable", "scope": "ChatSendIn", "scopeKind": "class"}, {"_type": "tag", "name": "conversation_id", "path": "/home/kavia/workspace/code-generation/connectplus-super-app-9565-9577/backend_service/src/models/chat.py", "pattern": "/^    conversation_id: str = Field(..., description=\"Conversation id.\")$/", "language": "Python", "typeref": "typename:str", "kind": "variable", "scope": "ChatHistoryOut", "scopeKind": "class"}, {"_type": "tag", "name": "conversation_id", "path": "/home/kavia/workspace/code-generation/connectplus-super-app-9565-9577/backend_service/src/models/chat.py", "pattern": "/^    conversation_id: str = Field(..., description=\"Conversation id.\")$/", "language": "Python", "typeref": "typename:str", "kind": "variable", "scope": "ChatSendOut", "scopeKind": "class"}, {"_type": "tag", "name": "created_at", "path": "/home/kavia/workspace/code-generation/connectplus-super-app-9565-9577/backend_service/src/models/chat.py", "pattern": "/^    created_at: datetime = Field(..., description=\"Timestamp.\")$/", "language": "Python", "typeref": "typename:datetime", "kind": "variable", "scope": "ChatMessageOut", "scopeKind": "class"}, {"_type": "tag", "name": "id", "path": "/home/kavia/workspace/code-generation/connectplus-super-app-9565-9577/backend_service/src/models/chat.py", "pattern": "/^    id: str = Field(..., description=\"Message id.\")$/", "language": "Python", "typeref": "typename:str", "kind": "variable", "scope": "ChatMessageOut", "scopeKind": "class"}, {"_type": "tag", "name": "message", "path": "/home/kavia/workspace/code-generation/connectplus-super-app-9565-9577/backend_service/src/models/chat.py", "pattern": "/^    message: str = Field(..., min_length=1, description=\"User message text.\")$/", "language": "Python", "typeref": "typename:str", "kind": "variable", "scope": "ChatSendIn", "scopeKind": "class"}, {"_type": "tag", "name": "message_id", "path": "/home/kavia/workspace/code-generation/connectplus-super-app-9565-9577/backend_service/src/models/chat.py", "pattern": "/^    message_id: str = Field(..., description=\"Stored user message id.\")$/", "language": "Python", "typeref": "typename:str", "kind": "variable", "scope": "ChatSendOut", "scopeKind": "class"}, {"_type": "tag", "name": "messages", "path": "/home/kavia/workspace/code-generation/connectplus-super-app-9565-9577/backend_service/src/models/chat.py", "pattern": "/^    messages: List[ChatMessageOut] = Field(default_factory=list, description=\"Message page.\")$/", "language": "Python", "typeref": "typename:List[ChatMessageOut]", "kind": "variable", "scope": "ChatHistoryOut", "scopeKind": "class"}, {"_type": "tag", "name": "next_cursor", "path": "/home/kavia/workspace/code-generation/connectplus-super-app-9565-9577/backend_service/src/models/chat.py", "pattern": "/^    next_cursor: Optional[str] = Field(None, description=\"Pagination cursor (message id).\")$/", "language": "Python", "typeref": "typename:Optional[str]", "kind": "variable", "scope": "ChatHistoryOut", "scopeKind": "class"}, {"_type": "tag", "name": "payload", "path": "/home/kavia/workspace/code-generation/connectplus-super-app-9565-9577/backend_service/src/models/chat.py", "pattern": "/^    payload: Optional[Dict[str, Any]] = Field(None, description=\"Optional structured payload.\")$/", "language": "Python", "typeref": "typename:Optional[Dict[str, Any]]", "kind": "variable", "scope": "ChatMessageOut", "scopeKind": "class"}, {"_type": "tag", "name": "reply", "path": "/home/kavia/workspace/code-generation/connectplus-super-app-9565-9577/backend_service/src/models/chat.py", "pattern": "/^    reply: str = Field(..., description=\"AI assistant reply text.\")$/", "language": "Python", "typeref": "typename:str", "kind": "variable", "scope": "ChatSendOut", "scopeKind": "class"}, {"_type": "tag", "name": "reply_message_id", "path": "/home/kavia/workspace/code-generation/connectplus-super-app-9565-9577/backend_service/src/models/chat.py", "pattern": "/^    reply_message_id: str = Field(..., description=\"Stored AI message id.\")$/", "language": "Python", "typeref": "typename:str", "kind": "variable", "scope": "ChatSendOut", "scopeKind": "class"}, {"_type": "tag", "name": "sender", "path": "/home/kavia/workspace/code-generation/connectplus-super-app-9565-9577/backend_service/src/models/chat.py", "pattern": "/^    sender: str = Field(..., description=\"user|ai|system.\")$/", "language": "Python", "typeref": "typename:str", "kind": "variable", "scope": "ChatMessageOut", "scopeKind": "class"}, {"_type": "tag", "name": "suggested_actions", "path": "/home/kavia/workspace/code-generation/connectplus-super-app-9565-9577/backend_service/src/models/chat.py", "pattern": "/^    suggested_actions: List[Dict[str, Any]] = Field($/", "language": "Python", "typeref": "typename:List[Dict[str, Any]]", "kind": "variable", "scope": "ChatSendOut", "scopeKind": "class"}, {"_type": "tag", "name": "text", "path": "/home/kavia/workspace/code-generation/connectplus-super-app-9565-9577/backend_service/src/models/chat.py", "pattern": "/^    text: Optional[str] = Field(None, description=\"Text content.\")$/", "language": "Python", "typeref": "typename:Optional[str]", "kind": "variable", "scope": "ChatMessageOut", "scopeKind": "class"}, {"_type": "tag", "name": "user_id", "path": "/home/kavia/workspace/code-generation/connectplus-super-app-9565-9577/backend_service/src/models/chat.py", "pattern": "/^    user_id: str = Field(..., description=\"Owner user id.\")$/", "language": "Python", "typeref": "typename:str", "kind": "variable", "scope": "ChatHistoryOut", "scopeKind": "class"}], "hash": "7aa471c18ae044a097d4e62a7fddac68", "format-version": 4, "code-base-name": "backend_service", "filename": "backend_service/src/models/chat.py", "fields": [{"name": "Optional[Dict[str, Any]] context", "scope": "ChatSendIn", "scopeKind": "class", "description": "unavailable"}, {"name": "str conversation_id", "scope": "ChatHistoryOut", "scopeKind": "class", "description": "unavailable"}, {"name": "datetime created_at", "scope": "ChatMessageOut", "scopeKind": "class", "description": "unavailable"}, {"name": "str id", "scope": "ChatMessageOut", "scopeKind": "class", "description": "unavailable"}, {"name": "str message", "scope": "ChatSendIn", "scopeKind": "class", "description": "unavailable"}, {"name": "str message_id", "scope": "ChatSendOut", "scopeKind": "class", "description": "unavailable"}, {"name": "List[ChatMessageOut] messages", "scope": "ChatHistoryOut", "scopeKind": "class", "description": "unavailable"}, {"name": "Optional[str] next_cursor", "scope": "ChatHistoryOut", "scopeKind": "class", "description": "unavailable"}, {"name": "Optional[Dict[str, Any]] payload", "scope": "ChatMessageOut", "scopeKind": "class", "description": "unavailable"}, {"name": "str reply", "scope": "ChatSendOut", "scopeKind": "class", "description": "unavailable"}, {"name": "str reply_message_id", "scope": "ChatSendOut", "scopeKind": "class", "description": "unavailable"}, {"name": "str sender", "scope": "ChatMessageOut", "scopeKind": "class", "description": "unavailable"}, {"name": "List[Dict[str, Any]] suggested_actions", "scope": "ChatSendOut", "scopeKind": "class", "description": "unavailable"}, {"name": "Optional[str] text", "scope": "ChatMessageOut", "scopeKind": "class", "description": "unavailable"}, {"name": "str user_id", "scope": "ChatHistoryOut", "scopeKind": "class", "description": "unavailable"}], "revision_history": [{"34": "133416b960eba02908dcd7a99c1ee182fc1486fd"}]}